{"return_to_site": 0.2777777777777778, "humen_stress": 0.0, "Yearly_rain": 0.1111111111111111}