{"dist_to_kb": 0.0, "p_water": 0.0, "Mean_rain": 0.2222222222222222, "slope_suitability": 0.3888888888888889}