{"dist_to_kb": 0.1724137931034483, "p_water": 0.06896551724137931, "Mean_rain": 0.06896551724137931, "slope_suitability": 0.20689655172413793}