{"return_to_site": 0.10344827586206896, "humen_stress": 0.13793103448275862, "Yearly_rain": 0.2413793103448276}